{
  "title": "Running",
  "duration": 60,
  "holdLastKeyframe": false,
  "nodeAnimations": {
    "Body_Lower": {
      "position": {
        "0": [ 0, 0, 0 ],
        "14": [ 0, -1, 0 ],
        "30": [ 0, 0, 0 ],
        "44": [ 0, -1, 0 ],
        "60": [ 0, 0, 0 ]
      },
      "offsetFromPivot": {
      },
      "size": {
      },
      "rotation": {
        "0": [ 15, 0, 0 ],
        "60": [ 15, 0, 0 ]
      },
      "stretch": {
      }
    },
    "Neck": {
      "position": {
        "0": [ 0, -1.5, 0 ],
        "60": [ 0, -1.5, 0 ]
      },
      "offsetFromPivot": {
      },
      "size": {
      },
      "rotation": {
        "0": [ -15, 0, 0 ],
        "60": [ -15, 0, 0 ]
      },
      "stretch": {
      }
    },
    "Left_Arm_Top": {
      "position": {
        "0": [ 0, 0.9999981, 2 ],
        "30": [ 0, -2.272427E-06, -1 ],
        "60": [ 0, 0.9999981, 2 ]
      },
      "offsetFromPivot": {
      },
      "size": {
      },
      "rotation": {
        "0": [ -73.70988, 86.433, -87.13594 ],
        "30": [ 56.09604, -26.31997, -30.14832 ],
        "60": [ -73.70988, 86.433, -87.13594 ]
      },
      "stretch": {
      }
    },
    "Left_Arm_Bottom": {
      "position": {
        "0": [ 0.4369924, -0.004785061, 0.002446924 ],
        "30": [ 0.4369924, -0.004785061, 0.002446924 ],
        "60": [ 0.4369924, -0.004785061, 0.002446924 ]
      },
      "offsetFromPivot": {
      },
      "size": {
      },
      "rotation": {
        "0": [ -74.58208, -91.47507, 89.54424 ],
        "30": [ -0.8428402, -2.180309, 15.41913 ],
        "60": [ -74.58208, -91.47507, 89.54424 ]
      },
      "stretch": {
      }
    },
    "Right_Arm_Top": {
      "position": {
        "0": [ 4.768372E-07, 0, -1 ],
        "30": [ 4.768372E-07, 0, 2 ],
        "60": [ 4.768372E-07, 0, -1 ]
      },
      "offsetFromPivot": {
      },
      "size": {
      },
      "rotation": {
        "0": [ 54.54264, 25.23572, 28.82996 ],
        "30": [ -73.72835, -92.34197, 93.2913 ],
        "60": [ 54.54264, 25.23572, 28.82996 ]
      },
      "stretch": {
      }
    },
    "Right_Arm_Bottom": {
      "position": {
        "0": [ -0.4976186, -7.152557E-07, -0.001255304 ],
        "30": [ -0.4976186, -7.152557E-07, -0.001255304 ],
        "60": [ -0.4976186, -7.152557E-07, -0.001255304 ]
      },
      "offsetFromPivot": {
      },
      "size": {
      },
      "rotation": {
        "0": [ 0.3682823, 0.17389, -15.492 ],
        "30": [ -74.4483, 85.11423, -85.02628 ],
        "60": [ 0.3682823, 0.17389, -15.492 ]
      },
      "stretch": {
      }
    },
    "Right_Leg_Top": {
      "position": {
        "0": [ 2.384186E-07, 2.5, 2 ],
        "14": [ 2.384186E-07, -0.5, -0.33 ],
        "30": [ 2.384186E-07, 2.5, -3 ],
        "44": [ 2.384186E-07, 0.5, -0.6700045 ],
        "60": [ 2.384186E-07, 2.5, 2 ]
      },
      "offsetFromPivot": {
      },
      "size": {
      },
      "rotation": {
        "0": [ -60, -9.614056E-06, 1.077147E-05 ],
        "30": [ 60, 9.042674E-06, 1.077147E-05 ],
        "44": [ -26.77633, -3.003429E-06, 6.032598E-06 ],
        "60": [ -60, -9.614056E-06, 1.077147E-05 ]
      },
      "stretch": {
      }
    },
    "Left_Leg_Top": {
      "position": {
        "0": [ 0, 2.5, -3 ],
        "14": [ 0, 0.5, -0.6699984 ],
        "30": [ 0, 2.5, 2.000001 ],
        "44": [ 0, -0.5, -0.3299971 ],
        "60": [ 0, 2.5, -3 ]
      },
      "offsetFromPivot": {
      },
      "size": {
      },
      "rotation": {
        "0": [ 60, 0, 0 ],
        "14": [ -26, 0, 0 ],
        "30": [ -60, 0, 0 ],
        "60": [ 60, 0, 0 ]
      },
      "stretch": {
      }
    },
    "Left_Leg_Bottom": {
      "position": {
        "0": [ 0, 0, 0 ],
        "14": [ 0, 0, 0 ],
        "30": [ 0, 0, 0 ],
        "60": [ 0, 0, 0 ]
      },
      "offsetFromPivot": {
      },
      "size": {
      },
      "rotation": {
        "0": [ 0, 0, 0 ],
        "14": [ 60, 0, 0 ],
        "30": [ 0, 0, 0 ],
        "60": [ 0, 0, 0 ]
      },
      "stretch": {
      }
    },
    "Right_Leg_Bottom": {
      "position": {
        "0": [ 1.895622E-07, 2.384186E-07, 2.730182E-08 ],
        "30": [ 1.895622E-07, 2.384186E-07, 2.730182E-08 ],
        "44": [ 1.895622E-07, 2.384186E-07, 2.730182E-08 ],
        "60": [ 1.895622E-07, 2.384186E-07, 2.730182E-08 ]
      },
      "offsetFromPivot": {
      },
      "size": {
      },
      "rotation": {
        "0": [ 0, 0, 0 ],
        "30": [ 0, 0, 0 ],
        "44": [ 45, 0, 0 ],
        "60": [ 0, 0, 0 ]
      },
      "stretch": {
      }
    }
  }
}