{
  "title": "Walking",
  "duration": 60,
  "holdLastKeyframe": false,
  "nodeAnimations": {
    "Left_Leg_Top": {
      "position": {
        "0": [ 0, 0.5, 1 ],
        "10": [ 0, 0.5, 0 ],
        "20": [ 0, 0.5, 0 ],
        "30": [ 0, 0.5, -1 ],
        "40": [ 0, 0.5, 1 ],
        "60": [ 0, 0.5, 1 ]
      },
      "offsetFromPivot": {
      },
      "size": {
      },
      "rotation": {
        "0": [ -34.35735, 0, 0 ],
        "10": [ 0, 0, 0 ],
        "20": [ 28.54377, 0, 0 ],
        "30": [ 37.21799, 0, 0 ],
        "40": [ -22.33882, 0, 0 ],
        "60": [ -34.36, 0, 0 ]
      },
      "stretch": {
      }
    },
    "Right_Leg_Top": {
      "position": {
        "0": [ 0, 0.5, -1 ],
        "10": [ 0, 1.5, 1 ],
        "20": [ 0, -0.5, 2.000002 ],
        "30": [ 0, -0.25, 2 ],
        "40": [ 0, 0, 0 ],
        "60": [ 0, 0.5, -1 ]
      },
      "offsetFromPivot": {
      },
      "size": {
      },
      "rotation": {
        "0": [ 42.36927, 0, 0 ],
        "10": [ -27.82706, 0, 0 ],
        "20": [ -41.58925, 0, 0 ],
        "30": [ -28.94446, 0, 0 ],
        "40": [ 0, 0, 0 ],
        "60": [ 42.37, 0, 0 ]
      },
      "stretch": {
      }
    },
    "Body_Lower": {
      "position": {
        "0": [ 0, -1, 0 ],
        "10": [ 0, 0, 0 ],
        "20": [ 0, -0.5, 0 ],
        "30": [ 0, -1, 0 ],
        "40": [ 0, 0, 0 ],
        "50": [ 0, -0.5, 0 ],
        "60": [ 0, -1, 0 ]
      },
      "offsetFromPivot": {
      },
      "size": {
      },
      "rotation": {
      },
      "stretch": {
      }
    },
    "Right_Leg_Bottom": {
      "position": {
        "0": [ 0, 0, 0 ],
        "10": [ 0, 1, 0 ],
        "20": [ 0, 0.5, 0 ],
        "30": [ 0, 0, 0 ]
      },
      "offsetFromPivot": {
      },
      "size": {
      },
      "rotation": {
        "0": [ 0, 0, 0 ],
        "10": [ 68.44104, 0, 0 ],
        "20": [ 6.05705, 0, 0 ],
        "30": [ 0, 0, 0 ]
      },
      "stretch": {
      }
    },
    "Left_Leg_Bottom": {
      "position": {
        "0": [ 0, 0, 0 ],
        "20": [ 0, 0, 0 ],
        "30": [ 0, 0, 0 ],
        "40": [ 0, 1, 1 ]
      },
      "offsetFromPivot": {
      },
      "size": {
      },
      "rotation": {
        "0": [ 0, 0, 0 ],
        "30": [ 0, 0, 0 ],
        "40": [ 59.49218, 0, 0 ]
      },
      "stretch": {
      }
    },
    "Left_Arm_Top": {
      "position": {
        "0": [ -4.516914E-07, -1.22143E-06, -1 ],
        "30": [ -4.516914E-07, -1.22143E-06, 1 ],
        "60": [ -4.516914E-07, -1.22143E-06, -1 ]
      },
      "offsetFromPivot": {
      },
      "size": {
      },
      "rotation": {
        "0": [ 56.1, 0, 0 ],
        "30": [ -31.5903, -0.003318023, 0.003342312 ],
        "60": [ 56.1, 0, 0 ]
      },
      "stretch": {
      }
    },
    "Left_Arm_Bottom": {
      "position": {
        "0": [ 0.1769924, 0.4552155, 0.432447 ],
        "20": [ 0.1769924, 0.4552155, -0.197327 ],
        "40": [ 0.3827848, 0.9824204, 0.5836297 ],
        "60": [ 0.1769924, 0.4552155, 0.432447 ]
      },
      "offsetFromPivot": {
      },
      "size": {
      },
      "rotation": {
        "0": [ -21.24972, -0.001164032, -0.005389855 ],
        "20": [ 8.199833, -0.0006958004, -0.004880126 ],
        "40": [ -32.81887, -0.003919409, -0.006632367 ]
      },
      "stretch": {
      }
    },
    "Left_Hand": {
      "position": {
      },
      "offsetFromPivot": {
      },
      "size": {
      },
      "rotation": {
        "0": [ 0, 0, 0.00245278 ],
        "10": [ 18.63905, 0.00390407, -0.001923189 ],
        "30": [ 3.054116, 0.0001312221, 0.002455202 ],
        "40": [ -17.88922, 0.001230508, 0.001991434 ],
        "60": [ 0, 0, 0.00245278 ]
      },
      "stretch": {
      }
    },
    "Right_Arm_Top": {
      "position": {
        "0": [ 4.535541E-07, 4.61936E-07, 0.9999999 ],
        "30": [ 4.535541E-07, 4.61936E-07, -1 ],
        "60": [ 4.535541E-07, 4.61936E-07, 0.9999999 ]
      },
      "offsetFromPivot": {
      },
      "size": {
      },
      "rotation": {
        "0": [ -25.8605, 0.005331908, -0.005592818 ],
        "30": [ 45.78156, 0.001807521, -0.001596421 ],
        "60": [ -25.8605, 0.005331908, -0.005592818 ]
      },
      "stretch": {
      }
    },
    "Right_Arm_Bottom": {
      "position": {
        "0": [ -0.5776187, 0.75, 0.3687447 ],
        "20": [ -0.3687544, 0.7333717, 0.3778309 ],
        "40": [ 0, -0.08059645, -0.3001433 ],
        "60": [ -0.5776187, 0.75, 0.3687447 ]
      },
      "offsetFromPivot": {
      },
      "size": {
      },
      "rotation": {
        "0": [ -32.42089, 5.375877, -10.51708 ],
        "20": [ -25.06244, 3.248813, 0.01303532 ],
        "40": [ 2.930751, -0.003603165, -0.001863754 ],
        "60": [ -32.42089, 5.375877, -10.51708 ]
      },
      "stretch": {
      }
    },
    "Right_Hand": {
      "position": {
        "0": [ -0.14, 0.02999997, 0 ],
        "10": [ -0.14, 0.3200001, 0 ],
        "60": [ -0.14, 0.02999997, 0 ]
      },
      "offsetFromPivot": {
      },
      "size": {
      },
      "rotation": {
        "0": [ 0, 0, -0.00245278 ],
        "10": [ -33.45155, -0.0006170072, -0.001876347 ],
        "30": [ -8.771749, 0.0003786175, -0.002481035 ],
        "40": [ 21.22987, -9.857706E-05, -0.0006930296 ],
        "60": [ 0, 0, -0.00245278 ]
      },
      "stretch": {
      }
    }
  }
}