{
  "title": "Ledge_Grab",
  "duration": 60,
  "holdLastKeyframe": false,
  "nodeAnimations": {
    "Right_Arm_Top": {
      "position": {
        "0": [ 0, 3, 0.9999999 ],
        "22": [ 4.535545E-07, 4.61936E-07, -3.967434E-07 ],
        "42": [ 1, 2.473593E-06, -3.166497E-08 ]
      },
      "offsetFromPivot": {
      },
      "size": {
      },
      "rotation": {
        "0": [ -61.81858, 73.43382, -132.0524 ],
        "22": [ -19.03668, 82.81911, -5.829953 ],
        "42": [ 1.838767, 71.89668, 10.81084 ]
      },
      "stretch": {
      }
    },
    "Left_Arm_Top": {
      "position": {
        "0": [ 0.9999995, 2.999999, 1 ],
        "22": [ -4.516914E-07, -1.847278E-06, 1 ],
        "42": [ 6.984908E-08, 1.125503E-06, -1.957494E-08 ]
      },
      "offsetFromPivot": {
      },
      "size": {
      },
      "rotation": {
        "0": [ -46.00002, -75.6088, 142.112 ],
        "22": [ -16.97416, -60.82483, 19.90297 ],
        "42": [ 1.878452, -63.83474, -11.45957 ]
      },
      "stretch": {
      }
    },
    "Right_Leg_Top": {
      "position": {
        "30": [ -0.82, 1, 1 ]
      },
      "offsetFromPivot": {
      },
      "size": {
      },
      "rotation": {
        "30": [ -11.80382, -2.763306, -17.54009 ]
      },
      "stretch": {
      }
    },
    "Right_Leg_Bottom": {
      "position": {
        "0": [ 0, 1, 0 ],
        "22": [ 0, 1, 0 ]
      },
      "offsetFromPivot": {
      },
      "size": {
      },
      "rotation": {
        "0": [ 83.47806, 180, 180 ],
        "22": [ 28.56, 0, 0 ]
      },
      "stretch": {
      }
    },
    "Right_Foot": {
      "position": {
        "0": [ 0, 1.3, 1.5 ],
        "22": [ 0, 0.3, -0.5 ]
      },
      "offsetFromPivot": {
      },
      "size": {
      },
      "rotation": {
        "0": [ -46.78149, 0, 0 ],
        "22": [ 18.56, 0, 0 ]
      },
      "stretch": {
      }
    },
    "Left_Foot": {
      "position": {
        "0": [ 0, 1.3, 1.5 ],
        "22": [ 0, 0.3, -0.5 ]
      },
      "offsetFromPivot": {
      },
      "size": {
      },
      "rotation": {
        "0": [ -37.79242, 0, 0 ],
        "22": [ 14.03, 0, 0 ]
      },
      "stretch": {
      }
    },
    "Body_Lower": {
      "position": {
        "0": [ 0, 0, 1 ]
      },
      "offsetFromPivot": {
      },
      "size": {
      },
      "rotation": {
        "0": [ -0.6436052, 0, 0 ]
      },
      "stretch": {
      }
    },
    "Body_Upper": {
      "position": {
        "0": [ 0, -1, 0 ]
      },
      "offsetFromPivot": {
      },
      "size": {
      },
      "rotation": {
        "0": [ 3.863521, 0, 0 ]
      },
      "stretch": {
      }
    },
    "Left_Leg_Top": {
      "position": {
        "30": [ 0.56, 0.9999988, 1 ]
      },
      "offsetFromPivot": {
      },
      "size": {
      },
      "rotation": {
        "30": [ -11.59653, 1.925434, 12.11425 ]
      },
      "stretch": {
      }
    },
    "Left_Leg_Bottom": {
      "position": {
        "0": [ 0, 1, 0 ],
        "22": [ 0, 1, 0 ]
      },
      "offsetFromPivot": {
      },
      "size": {
      },
      "rotation": {
        "0": [ 87.84382, 0, 0 ],
        "22": [ 24.01704, 0, 0 ]
      },
      "stretch": {
      }
    },
    "Right_Arm_Bottom": {
      "position": {
        "0": [ -1.311302E-06, 0.7697417, 0.6732678 ],
        "22": [ -1.311302E-06, 3, 2.702629E-08 ]
      },
      "offsetFromPivot": {
      },
      "size": {
      },
      "rotation": {
        "0": [ -31.82308, -0.001446082, -0.003884391 ],
        "22": [ 5.703076, 17.00644, -165.2902 ],
        "42": [ -19.82192, 10.71785, -69.70625 ]
      },
      "stretch": {
      }
    },
    "Left_Arm_Bottom": {
      "position": {
        "0": [ 5.960464E-08, 0.4158908, 0.3511457 ],
        "22": [ 5.960464E-08, 3.000002, 0.35 ]
      },
      "offsetFromPivot": {
      },
      "size": {
      },
      "rotation": {
        "0": [ -25.15243, 6.663485E-07, -6.197591 ],
        "22": [ -2.756811, -18.87551, 142.6201 ],
        "42": [ -17.22, -20.58, 64.57391 ]
      },
      "stretch": {
      }
    },
    "Right_Hand": {
      "position": {
      },
      "offsetFromPivot": {
      },
      "size": {
      },
      "rotation": {
        "0": [ -2.665186E-07, 1.786659E-07, -0.002451089 ],
        "22": [ -2.665186E-07, 1.786659E-07, -0.002451089 ],
        "42": [ -2.665186E-07, 1.786659E-07, -71.10017 ]
      },
      "stretch": {
      }
    },
    "Left_Hand": {
      "position": {
      },
      "offsetFromPivot": {
      },
      "size": {
      },
      "rotation": {
        "0": [ 0, 0, 0.00245278 ],
        "22": [ 0, 0, 0.00245278 ],
        "42": [ 0, 0, 59.11418 ]
      },
      "stretch": {
      }
    }
  }
}