{
  "title": "Side_Hop",
  "duration": 60,
  "holdLastKeyframe": false,
  "nodeAnimations": {
    "Body_Lower": {
      "position": {
        "0": [ 0, -5, 0 ],
        "14": [ 0, 3, 0 ],
        "30": [ -1, 0, 0 ],
        "42": [ -1, -3, 0 ],
        "60": [ 0, -5, 0 ]
      },
      "offsetFromPivot": {
      },
      "size": {
      },
      "rotation": {
        "0": [ 7.093994, -1.000124, -15.68992 ],
        "14": [ 7.09, -1, 11.53103 ],
        "30": [ 7.090001, -1, 8.987507 ],
        "42": [ 7.089998, -0.9999998, 10.10717 ],
        "60": [ 7.09, -1, -15.69 ]
      },
      "stretch": {
      }
    },
    "Left_Arm_Top": {
      "position": {
      },
      "offsetFromPivot": {
      },
      "size": {
      },
      "rotation": {
        "0": [ 0, 0, 20.75317 ],
        "14": [ 0, 0, 53.23885 ],
        "30": [ -9.82557, -8.952324, 42.71106 ],
        "60": [ -1.181383E-08, -6.955272E-08, 20.75 ]
      },
      "stretch": {
      }
    },
    "Right_Arm_Top": {
      "position": {
        "0": [ 4.535541E-07, -0.9999995, 0.9999999 ],
        "14": [ 4.535541E-07, 1, 0.9999999 ],
        "30": [ 4.768372E-07, 0.3, 1 ],
        "42": [ 4.768372E-07, -0.22, 1 ],
        "60": [ 4.768372E-07, -1, 1 ]
      },
      "offsetFromPivot": {
      },
      "size": {
      },
      "rotation": {
        "0": [ -38.85578, -8.336794E-07, -13.33397 ],
        "14": [ -13.23746, 26.07259, -52.78188 ],
        "30": [ -23.81001, 19.88001, -28.27979 ],
        "42": [ -30.34001, 12.85, -37.27854 ],
        "60": [ -38.85426, 0.004892782, -13.33477 ]
      },
      "stretch": {
      }
    },
    "Body_Upper": {
      "position": {
      },
      "offsetFromPivot": {
      },
      "size": {
      },
      "rotation": {
        "0": [ -1.333772, 0, 0 ]
      },
      "stretch": {
      }
    },
    "Neck": {
      "position": {
        "0": [ 0, -1.5, 0 ],
        "14": [ 0, -0.5, 0 ],
        "30": [ 0, -0.8499999, 0 ],
        "60": [ 0, -1.5, 0 ]
      },
      "offsetFromPivot": {
      },
      "size": {
      },
      "rotation": {
        "0": [ 0, 0, 11.52394 ],
        "14": [ 0, 0, -10.25146 ],
        "30": [ 0, 0, -10.70205 ],
        "60": [ 0, 0, 11.52 ]
      },
      "stretch": {
      }
    },
    "Left_Leg_Top": {
      "position": {
        "0": [ 0, -4.5, 1 ],
        "14": [ 2, 4, 2.235174E-07 ],
        "30": [ 1, 1.5, 2.000003 ],
        "42": [ 0, 0.5, 1 ],
        "60": [ 0, -4.5, 1 ]
      },
      "offsetFromPivot": {
      },
      "size": {
      },
      "rotation": {
        "0": [ -50.3498, 0, 0 ],
        "14": [ 11.46178, -11.68829, 30.47318 ],
        "30": [ -37.16395, -28.71732, 34.85706 ],
        "42": [ -83.61208, 25.97527, -21.05162 ],
        "60": [ -56.25, 0, 0 ]
      },
      "stretch": {
      }
    },
    "Left_Leg_Bottom": {
      "position": {
        "0": [ 0, 2, -1 ],
        "14": [ 0, 1, -2.429537E-07 ],
        "30": [ 0, 1.35, -0.35 ],
        "42": [ 0, 1.61, -0.61 ],
        "60": [ 0, 2, -1 ]
      },
      "offsetFromPivot": {
      },
      "size": {
      },
      "rotation": {
        "0": [ 76.45113, 0, 0 ],
        "14": [ 13.89657, 0, 0 ],
        "30": [ 65.52949, 0, 0 ],
        "42": [ 84.18494, 0, 0 ],
        "60": [ 76.45, 0, 0 ]
      },
      "stretch": {
      }
    },
    "Left_Foot": {
      "position": {
      },
      "offsetFromPivot": {
      },
      "size": {
      },
      "rotation": {
        "0": [ -16.56414, 0, 0 ],
        "14": [ 67.80798, 0, 0 ],
        "60": [ -16.56, 0, 0 ]
      },
      "stretch": {
      }
    },
    "Right_Leg_Top": {
      "position": {
        "0": [ 0, -1, 1 ],
        "14": [ -1, 3.5, 1 ],
        "30": [ -1, 2.920645E-06, 1.000009 ],
        "42": [ -1, -1.5, 1 ],
        "60": [ 2.384186E-07, -1, 1 ]
      },
      "offsetFromPivot": {
      },
      "size": {
      },
      "rotation": {
        "0": [ -74.66, -1.991876E-05, 2.035838E-05 ],
        "14": [ -42.0637, 19.21866, -7.833238 ],
        "30": [ -11.23776, 22.6117, -11.55985 ],
        "42": [ -18.6948, 13.75534, -12.35084 ],
        "60": [ -74.66, -1.991876E-05, 2.035838E-05 ]
      },
      "stretch": {
      }
    },
    "Right_Leg_Top_Joint": {
      "position": {
        "0": [ 0, 0.5, 0 ]
      },
      "offsetFromPivot": {
      },
      "size": {
      },
      "rotation": {
        "0": [ -85.73614, 0, 0 ]
      },
      "stretch": {
      }
    },
    "Right_Leg_Bottom": {
      "position": {
      },
      "offsetFromPivot": {
      },
      "size": {
      },
      "rotation": {
        "0": [ 88.61002, 0, 0 ],
        "14": [ 73.41416, 0, 0 ],
        "30": [ 24.52874, 0, 0 ],
        "42": [ 66.26466, 0, 0 ],
        "60": [ 88.61002, 0, 0 ]
      },
      "stretch": {
      }
    },
    "Right_Leg_Bottom_Joint": {
      "position": {
      },
      "offsetFromPivot": {
      },
      "size": {
      },
      "rotation": {
        "0": [ 68.00663, 0, 0 ]
      },
      "stretch": {
      }
    },
    "Right_Foot": {
      "position": {
      },
      "offsetFromPivot": {
      },
      "size": {
      },
      "rotation": {
        "0": [ 44.97892, 0, 0 ],
        "42": [ -21.28714, 2.426187, 10.60103 ],
        "60": [ 44.98, 0, 0 ]
      },
      "stretch": {
      }
    },
    "Right_Arm_Bottom": {
      "position": {
        "0": [ -1.311302E-06, 1.192093E-07, 2.702629E-08 ],
        "14": [ -0.4269694, 1.192093E-07, 2.702629E-08 ],
        "42": [ 0.348147, 1.192093E-07, 2.702629E-08 ],
        "60": [ 0.002381444, -7.152557E-07, -0.001255304 ]
      },
      "offsetFromPivot": {
      },
      "size": {
      },
      "rotation": {
        "0": [ -0.002574122, -0.003494165, 11.69199 ],
        "14": [ -0.002574122, -0.003494166, -16.34805 ],
        "42": [ -0.002574122, -0.003494165, 31.73134 ],
        "60": [ -0.002574379, -0.003494012, 11.6967 ]
      },
      "stretch": {
      }
    },
    "Left_Arm_Bottom": {
      "position": {
        "0": [ 5.960464E-08, 1.788139E-06, 1.450833E-08 ],
        "14": [ 5.960464E-08, 1.788139E-06, 1.450833E-08 ],
        "30": [ -0.4043707, 0.4441417, 0.3942059 ],
        "60": [ -0.003007591, -0.004785061, 0.002446924 ]
      },
      "offsetFromPivot": {
      },
      "size": {
      },
      "rotation": {
        "0": [ 1.565575E-07, -1.58895E-08, -11.03718 ],
        "14": [ 1.565576E-07, -1.58895E-08, 4.833344 ],
        "30": [ -17.75359, 7.3316, -22.87746 ],
        "60": [ -0.00197535, 0.001226092, -11.03976 ]
      },
      "stretch": {
      }
    }
  }
}